{"epoch": 2, "loss": 47586735.20414201, "_timestamp": 1702530912.1288376, "_runtime": 768.3888726234436, "_step": 2}