{"epoch": 4, "loss": 529668767744.0, "_timestamp": 1702406611.1358085, "_runtime": 1233.8008093833923, "_step": 5069, "_wandb": {"runtime": 3481}}