{"epoch": 3, "loss": 3.407430514942935e+17, "_timestamp": 1702413206.3725064, "_runtime": 4339.504868268967, "_step": 45968}