{"epoch": 30, "loss": 4030681.9765625, "_timestamp": 1702508665.0830166, "_runtime": 9505.436114549637, "_step": 30}