{"epoch": 0, "loss": 4.292696465943989, "_timestamp": 1702535841.4893415, "_runtime": 164.73063254356384, "_step": 0}