{"epoch": 1, "loss": 4.317318795856677, "_timestamp": 1702535613.6204476, "_runtime": 368.8158006668091, "_step": 1, "_wandb": {"runtime": 416}}